p_loss_%,delta_tcr_pp,t_stat,p_value_ttest,p_value_ttest_bonferroni,W_wilcoxon,p_value_wilcoxon,cohens_d,significant_both_corrected
0,0.0,0.0,1.0,1.0,0.0,1.0,0.0,False
10,1.5,2.6047,0.012139304162784827,0.07283582497670896,0.0,0.014058605323737268,0.3684,False
20,2.6,3.0233,0.003971203086248323,0.023827218517489937,0.0,0.004117419605325306,0.4276,True
30,4.0,3.2772,0.00193128303876082,0.011587698232564921,0.0,0.0013677633356993567,0.4635,True
40,9.0,5.1962,3.934652572169422e-06,2.3607915433016533e-05,0.0,7.1207157137172395e-06,0.7348,True
50,11.8,7.0891,4.827433122310758e-09,2.896459873386455e-08,0.0,1.0896974380613366e-06,1.0026,True
